txn_date,bank_id,total_volume,total_value,avg_value,median_value,created_at
2025-09-09,BANK_1,21,44825.38,2134.54,1480.79,2025-09-09 10:20:24
2025-09-09,BANK_2,45,113603.07,2524.51,1881.52,2025-09-09 10:20:24
2025-09-09,BANK_3,30,68988.97,2299.63,1803.53,2025-09-09 10:20:24
2025-09-09,BANK_4,15,27585.9,1839.06,885.16,2025-09-09 10:20:24
2025-09-09,BANK_5,57,127228.72,2232.08,1407.29,2025-09-09 10:20:24
2025-09-08,BANK_1,80,135726.48,1696.58,1353.39,2025-09-09 10:20:24
2025-09-08,BANK_2,177,353049.4,1994.63,1489.51,2025-09-09 10:20:24
2025-09-08,BANK_3,147,299935.21,2040.38,1453.73,2025-09-09 10:20:24
2025-09-08,BANK_4,73,107968.23,1479.02,1252.74,2025-09-09 10:20:24
2025-09-08,BANK_5,187,680483.84,3638.95,1529.6,2025-09-09 10:20:24
2025-09-07,BANK_1,88,219747.52,2497.13,1878.33,2025-09-09 10:20:24
2025-09-07,BANK_2,120,264127.22,2201.06,1712.63,2025-09-09 10:20:24
2025-09-07,BANK_3,171,335296.98,1960.8,1440.1,2025-09-09 10:20:24
2025-09-07,BANK_4,105,185744.53,1769.0,1261.49,2025-09-09 10:20:24
2025-09-07,BANK_5,162,333838.98,2060.73,1217.56,2025-09-09 10:20:24
2025-09-06,BANK_1,71,157758.56,2221.95,1416.37,2025-09-09 10:20:24
2025-09-06,BANK_2,98,232198.06,2369.37,1581.63,2025-09-09 10:20:24
2025-09-06,BANK_3,94,192468.55,2047.54,1474.96,2025-09-09 10:20:24
2025-09-06,BANK_4,154,334401.14,2171.44,1320.83,2025-09-09 10:20:24
2025-09-06,BANK_5,78,165083.17,2116.45,1457.84,2025-09-09 10:20:24
2025-09-05,BANK_1,98,198513.97,2025.65,1445.81,2025-09-09 10:20:24
2025-09-05,BANK_2,182,466958.21,2565.7,1106.52,2025-09-09 10:20:24
2025-09-05,BANK_3,110,224564.29,2041.49,1428.81,2025-09-09 10:20:24
2025-09-05,BANK_4,105,394124.95,3753.57,1074.87,2025-09-09 10:20:24
2025-09-05,BANK_5,112,286315.01,2556.38,1968.56,2025-09-09 10:20:24
2025-09-04,BANK_1,78,194400.77,2492.32,2105.0,2025-09-09 10:20:24
2025-09-04,BANK_2,124,244383.98,1970.84,1462.84,2025-09-09 10:20:24
2025-09-04,BANK_3,115,180503.45,1569.6,1110.09,2025-09-09 10:20:24
2025-09-04,BANK_4,189,400618.46,2119.67,1378.82,2025-09-09 10:20:24
2025-09-04,BANK_5,128,250541.03,1957.35,1379.56,2025-09-09 10:20:24
2025-09-03,BANK_1,80,167838.85,2097.99,1457.28,2025-09-09 10:20:24
2025-09-03,BANK_2,95,152275.36,1602.9,1187.96,2025-09-09 10:20:24
2025-09-03,BANK_3,153,263484.51,1722.12,1172.78,2025-09-09 10:20:24
2025-09-03,BANK_4,155,872561.55,5629.43,1387.96,2025-09-09 10:20:24
2025-09-03,BANK_5,130,226122.27,1739.4,1143.2,2025-09-09 10:20:24
2025-09-02,BANK_1,112,187947.14,1678.1,1189.2,2025-09-09 10:20:24
2025-09-02,BANK_2,132,272254.01,2062.53,1356.86,2025-09-09 10:20:24
2025-09-02,BANK_3,159,345611.19,2173.66,1528.65,2025-09-09 10:20:24
2025-09-02,BANK_4,136,271560.55,1996.77,1478.65,2025-09-09 10:20:24
2025-09-02,BANK_5,171,344386.24,2013.95,1542.46,2025-09-09 10:20:24
2025-09-01,BANK_1,106,340005.12,3207.6,1273.21,2025-09-09 10:20:24
2025-09-01,BANK_2,166,319966.11,1927.51,1375.66,2025-09-09 10:20:24
2025-09-01,BANK_3,172,320274.11,1862.06,1445.46,2025-09-09 10:20:24
2025-09-01,BANK_4,131,235029.73,1794.12,1258.35,2025-09-09 10:20:24
2025-09-01,BANK_5,147,270050.37,1837.08,1194.04,2025-09-09 10:20:24
2025-08-31,BANK_1,161,315211.56,1957.84,1279.47,2025-09-09 10:20:24
2025-08-31,BANK_2,110,221670.39,2015.19,1255.4,2025-09-09 10:20:24
2025-08-31,BANK_3,135,303066.98,2244.94,1397.96,2025-09-09 10:20:24
2025-08-31,BANK_4,122,437893.79,3589.29,1282.3,2025-09-09 10:20:24
2025-08-31,BANK_5,111,226813.67,2043.37,1342.2,2025-09-09 10:20:24
2025-08-30,BANK_1,144,260939.02,1812.08,1314.4,2025-09-09 10:20:24
2025-08-30,BANK_2,80,151152.05,1889.4,1102.27,2025-09-09 10:20:24
2025-08-30,BANK_3,138,256789.46,1860.79,1472.05,2025-09-09 10:20:24
2025-08-30,BANK_4,89,262964.51,2954.66,1939.58,2025-09-09 10:20:24
2025-08-30,BANK_5,136,269757.13,1983.51,1592.49,2025-09-09 10:20:24
2025-08-29,BANK_1,104,193820.96,1863.66,1150.44,2025-09-09 10:20:24
2025-08-29,BANK_2,151,278600.66,1845.04,1229.36,2025-09-09 10:20:24
2025-08-29,BANK_3,102,206890.14,2028.33,1303.57,2025-09-09 10:20:24
2025-08-29,BANK_4,141,284321.72,2016.47,1448.85,2025-09-09 10:20:24
2025-08-29,BANK_5,185,378308.81,2044.91,1513.96,2025-09-09 10:20:24
2025-08-28,BANK_1,154,289514.9,1879.97,1186.19,2025-09-09 10:20:24
2025-08-28,BANK_2,135,261006.21,1933.38,1545.78,2025-09-09 10:20:24
2025-08-28,BANK_3,179,354199.36,1978.77,1369.15,2025-09-09 10:20:24
2025-08-28,BANK_4,159,303699.34,1910.06,1312.83,2025-09-09 10:20:24
2025-08-28,BANK_5,173,381121.69,2203.02,1716.72,2025-09-09 10:20:24
2025-08-27,BANK_1,159,323466.28,2034.38,1289.39,2025-09-09 10:20:24
2025-08-27,BANK_2,99,548492.87,5540.33,1263.23,2025-09-09 10:20:24
2025-08-27,BANK_3,130,464163.31,3570.49,1038.88,2025-09-09 10:20:24
2025-08-27,BANK_4,104,227647.93,2188.92,1554.35,2025-09-09 10:20:24
2025-08-27,BANK_5,173,348250.48,2013.01,1219.35,2025-09-09 10:20:24
2025-08-26,BANK_1,174,288722.54,1659.32,1065.42,2025-09-09 10:20:24
2025-08-26,BANK_2,144,292918.78,2034.16,1350.54,2025-09-09 10:20:24
2025-08-26,BANK_3,111,219364.39,1976.26,1235.19,2025-09-09 10:20:24
2025-08-26,BANK_4,164,333140.94,2031.35,1329.43,2025-09-09 10:20:24
2025-08-26,BANK_5,148,430379.05,2907.97,1341.08,2025-09-09 10:20:24
2025-08-25,BANK_1,181,360351.98,1990.89,1464.04,2025-09-09 10:20:24
2025-08-25,BANK_2,59,111705.11,1893.31,1587.77,2025-09-09 10:20:24
2025-08-25,BANK_3,122,215286.03,1764.64,1113.77,2025-09-09 10:20:24
2025-08-25,BANK_4,110,483103.31,4391.85,1500.95,2025-09-09 10:20:24
2025-08-25,BANK_5,175,342606.41,1957.75,1295.6,2025-09-09 10:20:24
2025-08-24,BANK_1,174,327999.54,1885.05,1157.03,2025-09-09 10:20:24
2025-08-24,BANK_2,76,124889.88,1643.29,1138.52,2025-09-09 10:20:24
2025-08-24,BANK_3,129,284266.64,2203.62,1693.03,2025-09-09 10:20:24
2025-08-24,BANK_4,123,238548.68,1939.42,1355.33,2025-09-09 10:20:24
2025-08-24,BANK_5,133,244829.24,1840.82,1436.45,2025-09-09 10:20:24
2025-08-23,BANK_1,118,220439.41,1868.13,1485.76,2025-09-09 10:20:24
2025-08-23,BANK_2,143,316575.3,2213.81,1534.23,2025-09-09 10:20:24
2025-08-23,BANK_3,143,284870.93,1992.1,1219.56,2025-09-09 10:20:24
2025-08-23,BANK_4,121,213292.15,1762.75,1084.31,2025-09-09 10:20:24
2025-08-23,BANK_5,80,151926.51,1899.08,1356.38,2025-09-09 10:20:24
2025-08-22,BANK_1,71,818923.26,11534.13,1574.2,2025-09-09 10:20:24
2025-08-22,BANK_2,171,419880.22,2455.44,1563.05,2025-09-09 10:20:24
2025-08-22,BANK_3,104,199785.26,1921.01,1259.33,2025-09-09 10:20:24
2025-08-22,BANK_4,68,242939.69,3572.64,1292.89,2025-09-09 10:20:24
2025-08-22,BANK_5,100,205476.5,2054.77,1228.74,2025-09-09 10:20:24
2025-08-21,BANK_1,79,142063.91,1798.28,1194.64,2025-09-09 10:20:24
2025-08-21,BANK_2,160,307872.02,1924.2,1494.7,2025-09-09 10:20:24
2025-08-21,BANK_3,116,251418.68,2167.4,1717.39,2025-09-09 10:20:24
2025-08-21,BANK_4,126,257939.78,2047.14,1479.57,2025-09-09 10:20:24
2025-08-21,BANK_5,131,252764.78,1929.5,1481.08,2025-09-09 10:20:24
2025-08-20,BANK_1,63,102421.35,1625.74,965.39,2025-09-09 10:20:24
2025-08-20,BANK_2,125,195166.8,1561.33,1236.52,2025-09-09 10:20:24
2025-08-20,BANK_3,154,542458.07,3522.46,1507.03,2025-09-09 10:20:24
2025-08-20,BANK_4,157,338636.73,2156.92,1520.17,2025-09-09 10:20:24
2025-08-20,BANK_5,77,153011.61,1987.16,1324.45,2025-09-09 10:20:24
2025-08-19,BANK_1,63,100989.99,1603.02,1098.42,2025-09-09 10:20:24
2025-08-19,BANK_2,91,191164.25,2100.71,1588.82,2025-09-09 10:20:24
2025-08-19,BANK_3,124,234407.15,1890.38,1263.76,2025-09-09 10:20:24
2025-08-19,BANK_4,94,179857.38,1913.38,1503.31,2025-09-09 10:20:24
2025-08-19,BANK_5,105,201662.06,1920.59,1384.74,2025-09-09 10:20:24
2025-08-18,BANK_1,63,100669.03,1597.92,1253.18,2025-09-09 10:20:24
2025-08-18,BANK_2,78,817600.63,10482.06,1568.63,2025-09-09 10:20:24
2025-08-18,BANK_3,175,414625.21,2369.29,1409.18,2025-09-09 10:20:24
2025-08-18,BANK_4,155,398612.37,2571.69,1430.05,2025-09-09 10:20:24
2025-08-18,BANK_5,128,497328.76,3885.38,1274.25,2025-09-09 10:20:24
2025-08-17,BANK_1,79,178712.47,2262.18,1675.94,2025-09-09 10:20:24
2025-08-17,BANK_2,85,183396.01,2157.6,1439.76,2025-09-09 10:20:24
2025-08-17,BANK_3,117,365527.98,3124.17,1486.54,2025-09-09 10:20:24
2025-08-17,BANK_4,101,187735.13,1858.76,1072.69,2025-09-09 10:20:24
2025-08-17,BANK_5,64,136512.02,2133.0,1747.58,2025-09-09 10:20:24
2025-08-16,BANK_1,92,832694.71,9051.03,1562.27,2025-09-09 10:20:24
2025-08-16,BANK_2,82,173803.64,2119.56,1334.82,2025-09-09 10:20:24
2025-08-16,BANK_3,89,160710.61,1805.74,1563.8,2025-09-09 10:20:24
2025-08-16,BANK_4,146,254124.97,1740.58,1469.08,2025-09-09 10:20:24
2025-08-16,BANK_5,100,160350.05,1603.5,1045.06,2025-09-09 10:20:24
2025-08-15,BANK_1,163,395077.35,2423.79,1555.4,2025-09-09 10:20:24
2025-08-15,BANK_2,113,756535.55,6695.0,1333.6,2025-09-09 10:20:24
2025-08-15,BANK_3,110,209577.7,1905.25,1259.24,2025-09-09 10:20:24
2025-08-15,BANK_4,142,345525.64,2433.28,1829.24,2025-09-09 10:20:24
2025-08-15,BANK_5,190,353856.31,1862.4,1285.53,2025-09-09 10:20:24
2025-08-14,BANK_1,128,285566.56,2230.99,1516.24,2025-09-09 10:20:24
2025-08-14,BANK_2,113,226030.16,2000.27,1373.37,2025-09-09 10:20:24
2025-08-14,BANK_3,72,153797.21,2136.07,1284.06,2025-09-09 10:20:24
2025-08-14,BANK_4,138,265094.23,1920.97,1447.05,2025-09-09 10:20:24
2025-08-14,BANK_5,153,306615.76,2004.02,1294.67,2025-09-09 10:20:24
2025-08-13,BANK_1,123,279956.33,2276.07,1547.24,2025-09-09 10:20:24
2025-08-13,BANK_2,160,366788.86,2292.43,1275.86,2025-09-09 10:20:24
2025-08-13,BANK_3,114,966007.34,8473.75,1471.04,2025-09-09 10:20:24
2025-08-13,BANK_4,100,184565.41,1845.65,1181.5,2025-09-09 10:20:24
2025-08-13,BANK_5,71,157696.5,2221.08,1376.69,2025-09-09 10:20:24
2025-08-12,BANK_1,126,286987.59,2277.68,1682.67,2025-09-09 10:20:24
2025-08-12,BANK_2,200,461896.14,2309.48,1611.0,2025-09-09 10:20:24
2025-08-12,BANK_3,93,241301.67,2594.64,1805.96,2025-09-09 10:20:24
2025-08-12,BANK_4,150,296114.05,1974.09,1418.21,2025-09-09 10:20:24
2025-08-12,BANK_5,75,165346.96,2204.63,1651.52,2025-09-09 10:20:24
2025-08-11,BANK_1,99,424355.7,4286.42,1041.18,2025-09-09 10:20:24
2025-08-11,BANK_2,152,302014.25,1986.94,1436.13,2025-09-09 10:20:24
2025-08-11,BANK_3,104,187851.73,1806.27,1297.28,2025-09-09 10:20:24
2025-08-11,BANK_4,145,592920.44,4089.11,1414.97,2025-09-09 10:20:24
2025-08-11,BANK_5,87,198686.19,2283.75,1426.21,2025-09-09 10:20:24
2025-08-10,BANK_1,82,159542.9,1945.65,1386.41,2025-09-09 10:20:24
2025-08-10,BANK_2,127,661127.99,5205.73,1248.73,2025-09-09 10:20:24
2025-08-10,BANK_3,85,146988.72,1729.28,1424.18,2025-09-09 10:20:24
2025-08-10,BANK_4,156,264629.59,1696.34,1149.02,2025-09-09 10:20:24
2025-08-10,BANK_5,88,155441.53,1766.38,1177.74,2025-09-09 10:20:24
2025-08-09,BANK_1,91,193333.4,2124.54,1272.03,2025-09-09 10:20:24
2025-08-09,BANK_2,95,227185.89,2391.43,1498.02,2025-09-09 10:20:24
2025-08-09,BANK_3,65,262274.42,4034.99,1059.38,2025-09-09 10:20:24
2025-08-09,BANK_4,141,274637.58,1947.78,1282.51,2025-09-09 10:20:24
2025-08-09,BANK_5,127,264220.34,2080.48,1491.87,2025-09-09 10:20:24
2025-08-08,BANK_1,112,272250.23,2430.81,1483.57,2025-09-09 10:20:24
2025-08-08,BANK_2,66,148298.84,2246.95,1736.24,2025-09-09 10:20:24
2025-08-08,BANK_3,72,122045.59,1695.08,1068.38,2025-09-09 10:20:24
2025-08-08,BANK_4,122,343537.82,2815.88,1346.33,2025-09-09 10:20:24
2025-08-08,BANK_5,80,146203.32,1827.54,1108.63,2025-09-09 10:20:24
2025-08-07,BANK_1,117,303071.78,2590.36,1482.81,2025-09-09 10:20:24
2025-08-07,BANK_2,113,215935.39,1910.93,1441.18,2025-09-09 10:20:24
2025-08-07,BANK_3,149,634582.74,4258.94,1515.34,2025-09-09 10:20:24
2025-08-07,BANK_4,134,265819.48,1983.73,1646.28,2025-09-09 10:20:24
2025-08-07,BANK_5,104,196768.84,1892.01,1304.01,2025-09-09 10:20:24
2025-08-06,BANK_1,133,266018.89,2000.14,1205.59,2025-09-09 10:20:24
2025-08-06,BANK_2,110,250879.21,2280.72,1588.71,2025-09-09 10:20:24
2025-08-06,BANK_3,86,221488.38,2575.45,1746.88,2025-09-09 10:20:24
2025-08-06,BANK_4,82,196561.27,2397.09,1876.35,2025-09-09 10:20:24
2025-08-06,BANK_5,93,413624.2,4447.57,966.63,2025-09-09 10:20:24
2025-08-05,BANK_1,153,293334.84,1917.22,1188.33,2025-09-09 10:20:24
2025-08-05,BANK_2,173,368010.17,2127.23,1486.12,2025-09-09 10:20:24
2025-08-05,BANK_3,90,181645.42,2018.28,1174.89,2025-09-09 10:20:24
2025-08-05,BANK_4,141,440405.36,3123.44,1687.98,2025-09-09 10:20:24
2025-08-05,BANK_5,148,314942.29,2127.99,1640.87,2025-09-09 10:20:24
2025-08-04,BANK_1,161,337723.46,2097.66,1422.62,2025-09-09 10:20:24
2025-08-04,BANK_2,100,190307.94,1903.08,1234.92,2025-09-09 10:20:24
2025-08-04,BANK_3,144,285765.11,1984.48,1327.34,2025-09-09 10:20:24
2025-08-04,BANK_4,93,159536.12,1715.44,1094.72,2025-09-09 10:20:24
2025-08-04,BANK_5,134,266937.81,1992.07,1513.4,2025-09-09 10:20:24
2025-08-03,BANK_1,138,362474.73,2626.63,1529.3,2025-09-09 10:20:24
2025-08-03,BANK_2,93,202109.45,2173.22,1529.85,2025-09-09 10:20:24
2025-08-03,BANK_3,175,360211.25,2058.35,1437.22,2025-09-09 10:20:24
2025-08-03,BANK_4,125,238151.29,1905.21,1106.68,2025-09-09 10:20:24
2025-08-03,BANK_5,153,309266.69,2021.35,1411.65,2025-09-09 10:20:24
2025-08-02,BANK_1,141,340081.5,2411.93,1678.11,2025-09-09 10:20:24
2025-08-02,BANK_2,129,232219.86,1800.15,1127.62,2025-09-09 10:20:24
2025-08-02,BANK_3,198,421295.52,2127.76,1662.71,2025-09-09 10:20:24
2025-08-02,BANK_4,75,144672.86,1928.97,1239.33,2025-09-09 10:20:24
2025-08-02,BANK_5,87,156706.72,1801.23,1233.26,2025-09-09 10:20:24
2025-08-01,BANK_1,97,178713.43,1842.41,1136.71,2025-09-09 10:20:24
2025-08-01,BANK_2,135,263726.31,1953.53,1231.64,2025-09-09 10:20:24
2025-08-01,BANK_3,149,304672.84,2044.78,1362.19,2025-09-09 10:20:24
2025-08-01,BANK_4,121,305807.23,2527.33,1911.8,2025-09-09 10:20:24
2025-08-01,BANK_5,172,347909.4,2022.73,1592.0,2025-09-09 10:20:24
2025-07-31,BANK_1,174,464776.01,2671.13,1512.3,2025-09-09 10:20:24
2025-07-31,BANK_2,136,272047.73,2000.35,1475.55,2025-09-09 10:20:24
2025-07-31,BANK_3,142,263575.3,1856.16,1312.59,2025-09-09 10:20:24
2025-07-31,BANK_4,74,140118.87,1893.5,1076.57,2025-09-09 10:20:24
2025-07-31,BANK_5,137,325035.57,2372.52,1767.94,2025-09-09 10:20:24
2025-07-30,BANK_1,116,224460.87,1935.01,1483.08,2025-09-09 10:20:24
2025-07-30,BANK_2,174,371887.14,2137.28,1475.2,2025-09-09 10:20:24
2025-07-30,BANK_3,153,401342.51,2623.15,1426.54,2025-09-09 10:20:24
2025-07-30,BANK_4,106,245949.54,2320.28,1742.76,2025-09-09 10:20:24
2025-07-30,BANK_5,93,184273.54,1981.44,1448.2,2025-09-09 10:20:24
2025-07-29,BANK_1,115,232337.99,2020.33,1261.49,2025-09-09 10:20:24
2025-07-29,BANK_2,130,263594.83,2027.65,1297.76,2025-09-09 10:20:24
2025-07-29,BANK_3,146,337262.85,2310.02,1855.67,2025-09-09 10:20:24
2025-07-29,BANK_4,175,334367.22,1910.67,1243.42,2025-09-09 10:20:24
2025-07-29,BANK_5,107,185041.95,1729.36,1039.94,2025-09-09 10:20:24
2025-07-28,BANK_1,105,200274.3,1907.37,1586.45,2025-09-09 10:20:24
2025-07-28,BANK_2,97,191569.02,1974.94,1455.64,2025-09-09 10:20:24
2025-07-28,BANK_3,155,489296.86,3156.75,1558.74,2025-09-09 10:20:24
2025-07-28,BANK_4,97,212668.74,2192.46,1677.61,2025-09-09 10:20:24
2025-07-28,BANK_5,142,210965.09,1485.67,880.84,2025-09-09 10:20:24
2025-07-27,BANK_1,139,332062.36,2388.94,1778.55,2025-09-09 10:20:24
2025-07-27,BANK_2,115,255060.35,2217.92,1487.87,2025-09-09 10:20:24
2025-07-27,BANK_3,111,219226.94,1975.02,1374.55,2025-09-09 10:20:24
2025-07-27,BANK_4,83,157082.3,1892.56,1444.97,2025-09-09 10:20:24
2025-07-27,BANK_5,108,225514.67,2088.1,1463.98,2025-09-09 10:20:24
2025-07-26,BANK_1,53,119955.31,2263.31,1813.67,2025-09-09 10:20:24
2025-07-26,BANK_2,43,80672.34,1876.1,712.13,2025-09-09 10:20:24
2025-07-26,BANK_3,40,90506.2,2262.65,1514.76,2025-09-09 10:20:24
2025-07-26,BANK_4,95,272544.35,2868.89,1308.69,2025-09-09 10:20:24
2025-07-26,BANK_5,59,140550.65,2382.21,1603.95,2025-09-09 10:20:24
